latitude,longitude,depth,temperature,salinity
53.8973068,-9.7758936,0.148943613,9.172358554,33.84100027
53.8973068,-9.7758936,0.44681016,9.178339419,33.86219469
53.8973068,-9.7758936,0.744686571,9.180278786,33.80606194
53.8973068,-9.7758936,1.042563661,9.179341117,33.85342524
53.8973068,-9.7758936,1.340430954,9.19162562,33.8916627
53.8973068,-9.7758936,1.638287869,9.166229039,33.93913429
53.8973068,-9.7758936,1.936138629,9.181095064,33.94072452
53.8973068,-9.7758936,2.233992244,9.194886795,33.91686409
53.8973068,-9.7758936,2.53184876,9.181884571,33.91235904
53.8973068,-9.7758936,2.829700949,9.157832569,33.94438799
53.8973068,-9.7758936,3.127548406,9.158178428,33.94616885
53.8973068,-9.7758936,3.563024638,9.170339734,33.92619136
53.8945013,-9.6381855,0.149044705,8.800323107,32.87651159
53.8945013,-9.6381855,0.447115922,8.808232387,32.88206344
53.8945013,-9.6381855,0.745190158,8.822596239,32.90256509
53.8945013,-9.6381855,1.043256352,8.818223585,32.95170026
53.8945013,-9.6381855,1.341310515,8.796454291,33.00014946
53.8945013,-9.6381855,1.639355741,8.791852653,33.02203874
53.8945013,-9.6381855,1.937394838,8.792302358,33.0502011
53.8945013,-9.6381855,2.235427899,8.783677138,33.07048222
53.8945013,-9.6381855,2.533455952,8.783312686,33.08944296
53.8945013,-9.6381855,2.831481248,8.777679438,33.09052902
53.8945013,-9.6381855,3.212730496,8.773864048,33.10463148
53.8263295,-9.6201707,0.149194957,8.736698525,31.5534498
53.8263295,-9.6201707,0.447566622,8.740017368,31.55513937
53.8263295,-9.6201707,0.745930652,8.747312658,31.67170858
53.8263295,-9.6201707,1.044265176,8.754717127,31.81385037
53.8263295,-9.6201707,1.342561182,8.765287736,32.01019394
53.8263295,-9.6201707,1.640820883,8.768849798,32.13223496
53.8263295,-9.6201707,1.939064153,8.766445773,32.15164793
53.8263295,-9.6201707,2.237301149,8.768903322,32.18432344
53.8263295,-9.6201707,2.535529332,8.774623183,32.2276129
53.8263295,-9.6201707,2.833747238,8.781331427,32.273967
53.8263295,-9.6201707,3.131957173,8.786806218,32.29697227
53.8263295,-9.6201707,3.43016103,8.791067032,32.32623694
53.8263295,-9.6201707,3.728359832,8.779354485,32.33690733
53.8263295,-9.6201707,3.942875003,8.799508865,32.41765431
53.8838841,-9.5549115,0.152753859,8.03473438,0.933528518
53.8838841,-9.5549115,0.45824618,8.142786867,0.912572765
53.8838841,-9.5549115,0.763146482,8.305045361,5.964007984
53.8838841,-9.5549115,1.066905669,8.354342189,10.53972156
53.8838841,-9.5549115,1.369475026,8.445376569,16.11312279
53.8838841,-9.5549115,1.671057352,8.544811625,19.02548938
53.8838841,-9.5549115,1.971928056,8.570656481,22.27176832
53.8838841,-9.5549115,2.272284484,8.609233329,23.48543463
53.8838841,-9.5549115,2.572424508,8.570527274,24.14721048
53.8838841,-9.5549115,2.977427828,8.639689086,24.2689887
53.8506151,-9.7771202,0.148931487,9.332453413,33.9836468
53.8506151,-9.7771202,0.446780273,9.335570423,33.96214144
53.8506151,-9.7771202,0.744638628,9.338621923,33.945927
53.8506151,-9.7771202,1.042494632,9.322884456,33.9772437
53.8506151,-9.7771202,1.340347294,9.331025043,33.97079641
53.8506151,-9.7771202,1.638198518,9.32348429,33.98705136
53.8506151,-9.7771202,1.93604522,9.309590682,34.00321167
53.8506151,-9.7771202,2.2338885,9.303225833,34.01000452
53.8506151,-9.7771202,2.531730898,9.299217083,34.00585412
53.8506151,-9.7771202,2.829573042,9.29861207,34.00829224
53.8506151,-9.7771202,3.127413099,9.286263807,34.01857584
53.8506151,-9.7771202,3.4252513,9.282724528,34.01837467
53.8506151,-9.7771202,3.723089039,9.285750142,34.01954184
53.8506151,-9.7771202,4.020926514,9.284275996,34.01804055
53.8506151,-9.7771202,4.318763501,9.284788275,34.02064744
53.8506151,-9.7771202,4.616600005,9.284384261,34.01933505
53.8506151,-9.7771202,4.914435773,9.279206494,34.02299059
53.8506151,-9.7771202,5.212269244,9.271629293,34.0339464
53.8506151,-9.7771202,5.510100315,9.26658683,34.03853814
53.8506151,-9.7771202,5.807930083,9.265957168,34.04125763
53.8506151,-9.7771202,6.105760909,9.270428431,34.02702701
53.8506151,-9.7771202,6.403593229,9.268480914,34.0256314
53.8506151,-9.7771202,6.701425095,9.267171193,34.02736608
53.8506151,-9.7771202,6.99925606,9.264547749,34.02976809
53.8506151,-9.7771202,7.297085691,9.260098828,34.03466768
53.8506151,-9.7771202,7.594914224,9.260003908,34.03551598
53.8506151,-9.7771202,7.892742223,9.258982696,34.03615258
53.8506151,-9.7771202,8.190569545,9.257011565,34.03787826
53.8506151,-9.7771202,8.48839629,9.255100811,34.03744564
53.8506151,-9.7771202,8.786222738,9.253957437,34.03687136
53.8506151,-9.7771202,9.084048552,9.253581945,34.03973154
53.8506151,-9.7771202,9.38187379,9.253232481,34.03881317
53.8506151,-9.7771202,9.67969925,9.25356179,34.03477997
53.8506151,-9.7771202,9.977524632,9.253524804,34.03657285
53.8506151,-9.7771202,10.27534922,9.252292667,34.03849966
53.8506151,-9.7771202,10.57317301,9.252236923,34.04038831
53.8506151,-9.7771202,10.87099638,9.251772969,34.03912869
53.8506151,-9.7771202,11.16881923,9.252085905,34.04190161
53.8506151,-9.7771202,11.466642,9.252219317,34.03691134
53.8506151,-9.7771202,11.76446388,9.251716946,34.04672713
53.8506151,-9.7771202,12.06228427,9.249306139,34.04649348
53.8506151,-9.7771202,12.36010419,9.249238522,34.04727764
53.8506151,-9.7771202,12.65792325,9.249683833,34.05122696
53.8506151,-9.7771202,12.95574179,9.25093391,34.0492011
53.8506151,-9.7771202,13.25355993,9.252292858,34.05229591
53.8506151,-9.7771202,13.55137725,9.252451326,34.05369453
53.8506151,-9.7771202,13.84919381,9.254491473,34.05657063
53.8506151,-9.7771202,14.14701048,9.257858264,34.05078148
53.8506151,-9.7771202,14.44482702,9.259491733,34.05579208
53.8506151,-9.7771202,14.74264299,9.261328343,34.0535608
53.8506151,-9.7771202,15.04045817,9.263232938,34.06048642
53.8506151,-9.7771202,15.3382719,9.266113132,34.06436896
53.8506151,-9.7771202,15.63608505,9.267524803,34.06342507
53.8506151,-9.7771202,15.93389779,9.268472773,34.06555579
53.8506151,-9.7771202,16.23170987,9.268822326,34.06652017
53.8506151,-9.7771202,16.52952094,9.269612908,34.07171004
53.8506151,-9.7771202,16.82733078,9.270982133,34.0748395
53.8506151,-9.7771202,17.12514021,9.272853198,34.0729865
53.8506151,-9.7771202,17.4229493,9.274015218,34.07538608
53.8506151,-9.7771202,17.72075732,9.275327602,34.08009003
53.8506151,-9.7771202,18.01856381,9.276924519,34.0863732
53.8506151,-9.7771202,18.31636957,9.278664139,34.08431878
53.8506151,-9.7771202,18.61417571,9.279938057,34.08061111
53.8506151,-9.7771202,18.91198099,9.279465892,34.08902361
53.8506151,-9.7771202,19.20978528,9.279700537,34.08638434
53.8506151,-9.7771202,19.50758999,9.281059663,34.08263616
53.8506151,-9.7771202,19.80539409,9.282034607,34.08928632
53.8506151,-9.7771202,20.1031972,9.2828047,34.08867759
53.8506151,-9.7771202,20.40099963,9.284239073,34.09275541
53.8506151,-9.7771202,20.69880177,9.285128958,34.08875069
53.8506151,-9.7771202,20.99660351,9.285750104,34.09358337
53.8506151,-9.7771202,21.29440449,9.286540076,34.09283955
53.8506151,-9.7771202,21.59220533,9.287746023,34.09216432
53.8506151,-9.7771202,21.89000571,9.287136178,34.09410513
53.8506151,-9.7771202,22.18780527,9.28893197,34.0965229
53.8506151,-9.7771202,22.48560387,9.290750065,34.100421
53.8506151,-9.7771202,22.78340184,9.292257966,34.09981634
53.8506151,-9.7771202,23.08119982,9.291961784,34.09754489
53.8506151,-9.7771202,23.37899768,9.292324459,34.09789789
53.8506151,-9.7771202,23.67679449,9.292153143,34.10382899
53.8506151,-9.7771202,23.97459094,9.292659097,34.09818893
53.8506151,-9.7771202,24.27238749,9.292670884,34.10007202
53.8506151,-9.7771202,24.57018373,9.293260885,34.09800198
53.8506151,-9.7771202,24.86797998,9.294728356,34.09753561
53.8506151,-9.7771202,25.16577568,9.295635001,34.10026308
53.8506151,-9.7771202,25.46357135,9.295413585,34.09500172
53.8506151,-9.7771202,25.76136701,9.294028176,34.09705224
53.8506151,-9.7771202,26.05916163,9.293961975,34.10078247
53.8506151,-9.7771202,26.35695584,9.29378834,34.09771777
53.8506151,-9.7771202,26.65475024,9.293548365,34.0959803
53.8506151,-9.7771202,26.95254434,9.29543488,34.09776336
53.8506151,-9.7771202,27.25033854,9.296249531,34.09266958
53.8506151,-9.7771202,27.54813236,9.295732099,34.09821006
53.8506151,-9.7771202,27.84592527,9.29446458,34.09731993
53.8506151,-9.7771202,28.14371762,9.294141801,34.09979227
53.8506151,-9.7771202,28.44150966,9.294308935,34.09702382
53.8506151,-9.7771202,28.73930138,9.294350474,34.09970416
53.8506151,-9.7771202,29.03709307,9.295517919,34.09453339
53.8506151,-9.7771202,29.33488499,9.295114787,34.0949231
53.8506151,-9.7771202,29.63267667,9.296146579,34.09373477
53.8506151,-9.7771202,29.93046839,9.296422137,34.09181642
53.8506151,-9.7771202,30.22825978,9.296252405,34.09369129
53.8506151,-9.7771202,30.45298714,9.297476802,34.09642155
53.8499957,-9.8654135,0.148968378,9.340190887,33.66141437
53.8499957,-9.8654135,0.446891443,9.362961229,33.63338196
53.8499957,-9.8654135,0.744822535,9.355140029,33.64115405
53.8499957,-9.8654135,1.042752589,9.357012595,33.63831594
53.8499957,-9.8654135,1.340683529,9.360654065,33.63149042
53.8499957,-9.8654135,1.638614848,9.361854394,33.63299822
53.8499957,-9.8654135,1.936543604,9.352606595,33.64940648
53.8499957,-9.8654135,2.234469329,9.3489605,33.65403684
53.8499957,-9.8654135,2.532393617,9.338070364,33.65606313
53.8499957,-9.8654135,2.830317058,9.327072188,33.65399107
53.8499957,-9.8654135,3.128238018,9.30733785,33.6685836
53.8499957,-9.8654135,3.426155595,9.2928484,33.67374058
53.8499957,-9.8654135,3.724070521,9.28454393,33.6842409
53.8499957,-9.8654135,4.02198202,9.275383867,33.69732967
53.8499957,-9.8654135,4.319889702,9.273586394,33.7126155
53.8499957,-9.8654135,4.617793425,9.268138154,33.7277165
53.8499957,-9.8654135,4.915693186,9.268005408,33.74335865
53.8499957,-9.8654135,5.213589754,9.264000172,33.75199928
53.8499957,-9.8654135,5.511484217,9.257964681,33.75683899
53.8499957,-9.8654135,5.809375922,9.251106821,33.77064545
53.8499957,-9.8654135,6.107265884,9.24718631,33.76698913
53.8499957,-9.8654135,6.405155293,9.244613531,33.77118439
53.8499957,-9.8654135,6.703043609,9.23945447,33.77203566
53.8499957,-9.8654135,7.00093001,9.234740497,33.78303042
53.8499957,-9.8654135,7.2988142,9.230821102,33.78674672
53.8499957,-9.8654135,7.596697192,9.22927047,33.78945735
53.8499957,-9.8654135,7.894578318,9.227565054,33.79953531
53.8499957,-9.8654135,8.192457695,9.226539839,33.80130111
53.8499957,-9.8654135,8.490336327,9.223519071,33.802275
53.8499957,-9.8654135,8.788213812,9.22131438,33.80733488
53.8499957,-9.8654135,9.086090307,9.219210765,33.80713341
53.8499957,-9.8654135,9.383965333,9.216221922,33.81622354
53.8499957,-9.8654135,9.681838427,9.216077002,33.82051921
53.8499957,-9.8654135,9.979709953,9.213825317,33.82655571
53.8499957,-9.8654135,10.27758034,9.215250494,33.82735458
53.8499957,-9.8654135,10.57544928,9.215626556,33.83676574
53.8499957,-9.8654135,10.87331636,9.21074792,33.83978288
53.8499957,-9.8654135,11.171182,9.210060988,33.84528215
53.8499957,-9.8654135,11.46904584,9.210051135,33.852502
53.8499957,-9.8654135,11.76690761,9.210443974,33.86064439
53.8499957,-9.8654135,12.06476734,9.207714043,33.86697288
53.8499957,-9.8654135,12.36262332,9.20786662,33.89019227
53.8499957,-9.8654135,12.66047555,9.209831753,33.8973709
53.8499957,-9.8654135,12.95832717,9.215110276,33.89412415
53.8499957,-9.8654135,13.25617861,9.213350733,33.8966561
53.8499957,-9.8654135,13.55402914,9.2115288,33.89847864
53.8499957,-9.8654135,13.85187898,9.210261186,33.89904704
53.8499957,-9.8654135,14.14972808,9.209987466,33.9017008
53.8499957,-9.8654135,14.44757661,9.211415657,33.90135442
53.8499957,-9.8654135,14.74542477,9.21233065,33.90241597
53.8499957,-9.8654135,15.04327214,9.214251523,33.90589886
53.8499957,-9.8654135,15.34111854,9.21690969,33.90901105
53.8499957,-9.8654135,15.63896518,9.22061237,33.90195471
53.8499957,-9.8654135,15.93681245,9.219969122,33.90118022
53.8499957,-9.8654135,16.23465899,9.219133803,33.90511785
53.8499957,-9.8654135,16.53250462,9.218823139,33.90597583
53.8499957,-9.8654135,16.83034861,9.221430813,33.9170076
53.8499957,-9.8654135,17.12818873,9.223150983,33.93802077
53.8499957,-9.8654135,17.42602566,9.227242024,33.94324874
53.8499957,-9.8654135,17.72386162,9.229548056,33.94496433
53.8499957,-9.8654135,18.02169859,9.23302922,33.9324954
53.8499957,-9.8654135,18.31953532,9.236593584,33.94559631
53.8499957,-9.8654135,18.6173696,9.240127714,33.95252838
53.8499957,-9.8654135,18.91520227,9.242190889,33.95789792
53.8499957,-9.8654135,19.21303286,9.239732188,33.96789694
53.8499957,-9.8654135,19.51086358,9.240959159,33.95341011
53.8499957,-9.8654135,19.80869436,9.244110894,33.96533019
53.8499957,-9.8654135,20.10652637,9.246507168,33.94071734
53.8499957,-9.8654135,20.4043562,9.249448846,33.98269469
53.8499957,-9.8654135,20.70217981,9.251948957,33.99360259
53.8499957,-9.8654135,21.00000107,9.254505801,34.00145178
53.8499957,-9.8654135,21.29781986,9.258166664,34.01367887
53.8499957,-9.8654135,21.59563617,9.260016981,34.02151842
53.8499957,-9.8654135,21.89345135,9.267344316,34.02251615
53.8499957,-9.8654135,22.19126444,9.262471814,34.0374172
53.8499957,-9.8654135,22.48907483,9.256827938,34.04120379
53.8499957,-9.8654135,22.78688327,9.25337593,34.04966426
53.8499957,-9.8654135,23.08468921,9.251987524,34.05924669
53.8499957,-9.8654135,23.38249102,9.256711269,34.08379357
53.8499957,-9.8654135,23.68028853,9.265039212,34.09690139
53.8499957,-9.8654135,23.97808098,9.274429051,34.12907601
53.8499957,-9.8654135,24.27586784,9.281765938,34.14652959
53.8499957,-9.8654135,24.68170491,9.298365119,34.14507545
53.800335,-9.866966,0.148930282,9.370054465,34.00725986
53.800335,-9.866966,0.446774406,9.371778661,34.00899025
53.800335,-9.866966,0.744622985,9.369495041,34.01197238
53.800335,-9.866966,1.042471085,9.370027243,34.00985926
53.800335,-9.866966,1.340318531,9.36428739,34.01367286
53.800335,-9.866966,1.638163706,9.354903763,34.02372922
53.800335,-9.866966,1.936006566,9.345636362,34.02720769
53.800335,-9.866966,2.233847744,9.339200551,34.03230381
53.800335,-9.866966,2.531687657,9.335425532,34.03323788
53.800335,-9.866966,2.829525778,9.3307086,34.04335501
53.800335,-9.866966,3.127363213,9.326660565,34.03447032
53.800335,-9.866966,3.425200625,9.322428286,34.03884816
53.800335,-9.866966,3.723037148,9.321571469,34.03826544
53.800335,-9.866966,4.020873207,9.320219725,34.03948985
53.800335,-9.866966,4.318708336,9.317717475,34.04267264
53.800335,-9.866966,4.616542842,9.31661027,34.04124477
53.800335,-9.866966,4.91437699,9.315586546,34.04239557
53.800335,-9.866966,5.212210898,9.314716936,34.03997862
53.800335,-9.866966,5.510045346,9.313913043,34.03430338
53.800335,-9.866966,5.807879362,9.308669468,34.03954544
53.800335,-9.866966,6.105712274,9.306683517,34.03954459
53.800335,-9.866966,6.403545181,9.306604451,34.03617185
53.800335,-9.866966,6.701377835,9.304181024,34.03827028
53.800335,-9.866966,6.999209554,9.298786345,34.03980462
53.800335,-9.866966,7.297040983,9.296434879,34.03623489
53.800335,-9.866966,7.594872059,9.293808808,34.0388835
53.800335,-9.866966,7.892702516,9.290907236,34.03756847
53.800335,-9.866966,8.190532075,9.283827809,34.04173489
53.800335,-9.866966,8.488360513,9.280740112,34.04235571
53.800335,-9.866966,8.786187834,9.278927021,34.04757563
53.800335,-9.866966,9.08401458,9.278492451,34.04396794
53.800335,-9.866966,9.38184132,9.276865169,34.04421725
53.800335,-9.866966,9.679668055,9.277610779,34.04083833
53.800335,-9.866966,9.977494344,9.277555892,34.04530879
53.800335,-9.866966,10.27531988,9.276807429,34.04428029
53.800335,-9.866966,10.57314558,9.27667485,34.04075986
53.800335,-9.866966,10.87097123,9.275552979,34.04145496
53.800335,-9.866966,11.16879621,9.275481701,34.04344331
53.800335,-9.866966,11.46662003,9.273027006,34.04813586
53.800335,-9.866966,11.76444369,9.271646262,34.04100682
53.800335,-9.866966,12.06226755,9.272271111,34.04330821
53.800335,-9.866966,12.36009031,9.271103751,34.04763107
53.800335,-9.866966,12.65791249,9.273365185,34.04555464
53.800335,-9.866966,12.95573493,9.273939175,34.04304047
53.800335,-9.866966,13.25355696,9.271666977,34.04577667
53.800335,-9.866966,13.55137859,9.272301197,34.04325587
53.800335,-9.866966,13.84919998,9.270824213,34.04474252
53.800335,-9.866966,14.14702061,9.270947689,34.04664619
53.800335,-9.866966,14.44484009,9.271143306,34.05197341
53.800335,-9.866966,14.74265938,9.277067072,34.0465957
53.800335,-9.866966,15.0404784,9.275900013,34.05233701
53.800335,-9.866966,15.33829637,9.275534906,34.05258666
53.800335,-9.866966,15.63611385,9.27925502,34.0543586
53.800335,-9.866966,15.93392915,9.281222312,34.06993503
53.800335,-9.866966,16.23174092,9.284800296,34.08364908
53.800335,-9.866966,16.52954919,9.287419651,34.09910301
53.800335,-9.866966,16.82735434,9.291024071,34.1093912
53.800335,-9.866966,17.12515812,9.293887156,34.10959018
53.800335,-9.866966,17.42295961,9.296311378,34.1276747
53.800335,-9.866966,17.72075905,9.298203076,34.12553746
53.800335,-9.866966,18.01855895,9.300518167,34.12156601
53.800335,-9.866966,18.31635795,9.301433675,34.131097
53.800335,-9.866966,18.61415562,9.301703613,34.13058179
53.800335,-9.866966,18.9119523,9.302595715,34.13700733
53.800335,-9.866966,19.20974803,9.303572013,34.13643731
53.800335,-9.866966,19.50754449,9.305545338,34.12817252
53.800335,-9.866966,19.80534057,9.30659311,34.1374123
53.800335,-9.866966,20.10313528,9.307099121,34.13759672
53.800335,-9.866966,20.40092966,9.308763027,34.1378078
53.800335,-9.866966,20.69872348,9.309204747,34.13994018
53.800335,-9.866966,20.99651657,9.309263212,34.14134209
53.800335,-9.866966,21.29430986,9.311592961,34.13575371
53.800335,-9.866966,21.59210211,9.31150718,34.14801324
53.800335,-9.866966,21.88989294,9.311615542,34.14522384
53.800335,-9.866966,22.18768424,9.312143326,34.14105134
53.800335,-9.866966,22.48547611,9.313707355,34.13760827
53.800335,-9.866966,22.78326737,9.313666305,34.14378237
53.800335,-9.866966,23.08105791,9.314414074,34.14106599
53.800335,-9.866966,23.37884865,9.313430385,34.13906504
53.800335,-9.866966,23.67663927,9.313323691,34.13885151
53.800335,-9.866966,23.97442945,9.312824431,34.13986888
53.800335,-9.866966,24.27221891,9.312426228,34.14202203
53.800335,-9.866966,24.57000851,9.313672266,34.13587499
53.800335,-9.866966,24.86779761,9.312658987,34.14342876
53.800335,-9.866966,25.16558593,9.3124931,34.13953262
53.800335,-9.866966,25.46337402,9.312040151,34.14230166
53.800335,-9.866966,25.76116162,9.307924177,34.13999631
53.800335,-9.866966,26.0589478,9.306984694,34.15072338
53.800335,-9.866966,26.35673282,9.307011036,34.14706303
53.800335,-9.866966,26.654517,9.3087579,34.15542689
53.800335,-9.866966,26.95230001,9.308661469,34.15487563
53.800335,-9.866966,27.25008347,9.311167215,34.14892047
53.800335,-9.866966,27.54786621,9.31207696,34.15891545
53.800335,-9.866966,27.84564874,9.313170978,34.14825912
53.800335,-9.866966,28.143431,9.312784001,34.1584037
53.800335,-9.866966,28.42027769,9.316493998,34.14959545
53.7999907,-9.7769698,0.148936403,9.431538582,33.96727506
53.7999907,-9.7769698,0.446790101,9.426723517,33.98452765
53.7999907,-9.7769698,0.744647773,9.417849761,33.97569216
53.7999907,-9.7769698,1.042506178,9.415376235,33.97270959
53.7999907,-9.7769698,1.340363429,9.41135719,33.98152589
53.7999907,-9.7769698,1.638218448,9.399144309,33.98600761
53.7999907,-9.7769698,1.93607284,9.400572832,33.98182406
53.7999907,-9.7769698,2.233927603,9.399697937,33.97985753
53.7999907,-9.7769698,2.531782103,9.393691986,33.97972227
53.7999907,-9.7769698,2.829635414,9.386114553,33.98451812
53.7999907,-9.7769698,3.127486669,9.379785834,33.9919573
53.7999907,-9.7769698,3.425336739,9.377180659,33.99011753
53.7999907,-9.7769698,3.72318611,9.374564187,33.99404355
53.7999907,-9.7769698,4.021034903,9.372007313,33.99113893
53.7999907,-9.7769698,4.318883213,9.371167131,33.99461104
53.7999907,-9.7769698,4.616730588,9.369422062,33.9958506
53.7999907,-9.7769698,4.914577404,9.367445431,33.99577654
53.7999907,-9.7769698,5.212423783,9.366960698,33.99620447
53.7999907,-9.7769698,5.51026987,9.367896245,33.99545786
53.7999907,-9.7769698,5.808115751,9.365074199,33.99463129
53.7999907,-9.7769698,6.105961394,9.364509583,33.99386709
53.7999907,-9.7769698,6.403806868,9.363263896,33.99275457
53.7999907,-9.7769698,6.701651986,9.359789588,33.99303834
53.7999907,-9.7769698,6.999495948,9.358811375,33.99902784
53.7999907,-9.7769698,7.297339127,9.357252179,33.99642746
53.7999907,-9.7769698,7.595182545,9.355345588,33.99320567
53.7999907,-9.7769698,7.893025388,9.353533813,33.99774006
53.7999907,-9.7769698,8.190866949,9.352587532,34.00093825
53.7999907,-9.7769698,8.48870811,9.35287714,33.99814347
53.7999907,-9.7769698,8.786549812,9.350189315,33.99268064
53.7999907,-9.7769698,9.084391627,9.344001512,33.99232344
53.7999907,-9.7769698,9.382231943,9.339535349,34.0006858
53.7999907,-9.7769698,9.680071038,9.33658017,33.99855114
53.7999907,-9.7769698,9.977910112,9.334828854,33.99690686
53.7999907,-9.7769698,10.27574838,9.33400246,34.00209425
53.7999907,-9.7769698,10.57358553,9.331185767,34.00306253
53.7999907,-9.7769698,10.87142239,9.328386879,34.00054354
53.7999907,-9.7769698,11.16925921,9.327196587,33.99947766
53.7999907,-9.7769698,11.46709584,9.327624786,33.99917995
53.7999907,-9.7769698,11.76493176,9.324649676,34.0021963
53.7999907,-9.7769698,12.06276699,9.323163586,34.00130596
53.7999907,-9.7769698,12.36060164,9.323001807,34.0040026
53.7999907,-9.7769698,12.65843544,9.322115243,34.0056061
53.7999907,-9.7769698,12.95626877,9.320460037,34.00458169
53.7999907,-9.7769698,13.254102,9.318552057,34.00274708
53.7999907,-9.7769698,13.55193494,9.316649416,34.00346321
53.7999907,-9.7769698,13.84976708,9.31571017,34.00612355
53.7999907,-9.7769698,14.14759814,9.313226113,34.00932789
53.7999907,-9.7769698,14.44542949,9.312411665,33.99990433
53.7999907,-9.7769698,14.74326079,9.312164386,34.00653724
53.7999907,-9.7769698,15.04109137,9.311583736,34.00309192
53.7999907,-9.7769698,15.33892134,9.307808813,34.0080258
53.7999907,-9.7769698,15.63675046,9.306598065,34.00649166
53.7999907,-9.7769698,15.93457889,9.305700574,34.01080623
53.7999907,-9.7769698,16.23240648,9.3054035,34.0105847
53.7999907,-9.7769698,16.53023304,9.305087086,34.01677698
53.7999907,-9.7769698,16.82805821,9.304533598,34.01968441
53.7999907,-9.7769698,17.12588143,9.304458129,34.03081496
53.7999907,-9.7769698,17.42370171,9.306634699,34.04300859
53.7999907,-9.7769698,17.72151948,9.30482646,34.05014441
53.7999907,-9.7769698,18.01933672,9.30416517,34.04404249
53.7999907,-9.7769698,18.31715372,9.304278666,34.0492777
53.7999907,-9.7769698,18.61496999,9.304665089,34.04755875
53.7999907,-9.7769698,18.91278624,9.305285543,34.04663841
53.7999907,-9.7769698,19.21060115,9.304567924,34.056312
53.7999907,-9.7769698,19.50841415,9.304330788,34.06037796
53.7999907,-9.7769698,19.80622661,9.306839706,34.05857973
53.7999907,-9.7769698,20.1040378,9.308696547,34.06938397
53.7999907,-9.7769698,20.40184756,9.311438253,34.06923491
53.7999907,-9.7769698,20.69965549,9.311743605,34.08315275
53.7999907,-9.7769698,20.99746204,9.312867388,34.07866893
53.7999907,-9.7769698,21.29526816,9.314017773,34.08442333
53.7999907,-9.7769698,21.59307328,9.315623748,34.08507139
53.7999907,-9.7769698,21.89087875,9.317269421,34.07912933
53.7999907,-9.7769698,22.18868393,9.318142188,34.08503321
53.7999907,-9.7769698,22.48648814,9.320091572,34.08535684
53.7999907,-9.7769698,22.78429212,9.323331897,34.08506997
53.7999907,-9.7769698,23.08209521,9.323129379,34.09097636
53.7999907,-9.7769698,23.3798978,9.325348586,34.08679384
53.7999907,-9.7769698,23.67769982,9.330486534,34.0945955
53.7999907,-9.7769698,23.97549914,9.331378795,34.10890314
53.7999907,-9.7769698,24.27329735,9.333104485,34.10184647
53.7999907,-9.7769698,24.57109525,9.335385175,34.10953167
53.7999907,-9.7769698,24.86889212,9.336953427,34.10871361
53.7999907,-9.7769698,25.16668848,9.339818576,34.11206237
53.7999907,-9.7769698,25.46448362,9.339316611,34.11683067
53.7999907,-9.7769698,25.76227809,9.341135568,34.11536396
53.7999907,-9.7769698,26.0600718,9.341964937,34.12109023
53.7999907,-9.7769698,26.35786455,9.343285418,34.12121326
53.7999907,-9.7769698,26.65565673,9.343097337,34.12343269
53.7999907,-9.7769698,26.95344828,9.341243121,34.12338844
53.7999907,-9.7769698,27.25123872,9.341560987,34.12980716
53.7999907,-9.7769698,27.54902804,9.341202169,34.13033151
53.7999907,-9.7769698,27.84681735,9.341712916,34.12695556
53.7999907,-9.7769698,28.14460677,9.342724766,34.12663287
53.7999907,-9.7769698,28.44239519,9.343749073,34.13330276
53.7999907,-9.7769698,28.74018268,9.342747666,34.13180702
53.7999907,-9.7769698,29.03796978,9.34370805,34.13368694
53.7999907,-9.7769698,29.33575701,9.344489056,34.12809525
53.7999907,-9.7769698,29.73210457,9.347099013,34.13294776
53.8412383,-9.7480337,0.148956488,9.48484108,33.80189773
53.8412383,-9.7480337,0.44684782,9.486042749,33.81133699
53.8412383,-9.7480337,0.744744514,9.484674317,33.81137665
53.8412383,-9.7480337,1.042640286,9.480853607,33.81539285
53.8412383,-9.7480337,1.340534908,9.478092608,33.81714188
53.8412383,-9.7480337,1.638429066,9.47525173,33.81532702
53.8412383,-9.7480337,1.936321773,9.466989778,33.82461761
53.8412383,-9.7480337,2.234212582,9.46063329,33.82600744
53.8412383,-9.7480337,2.532103233,9.453506478,33.82021931
53.8412383,-9.7480337,2.829993357,9.446839736,33.82477454
53.8412383,-9.7480337,3.127882275,9.443858634,33.82585125
53.8412383,-9.7480337,3.42577164,9.438651485,33.81613803
53.8412383,-9.7480337,3.723660702,9.433673665,33.823418
53.8412383,-9.7480337,4.021547515,9.425258334,33.83016532
53.8412383,-9.7480337,4.319433212,9.417709975,33.82694189
53.8412383,-9.7480337,4.617318496,9.411914728,33.8280379
53.8412383,-9.7480337,4.915202332,9.402748557,33.83360199
53.8412383,-9.7480337,5.21308412,9.392405516,33.83904097
53.8412383,-9.7480337,5.510964191,9.386865807,33.84242738
53.8412383,-9.7480337,5.808843183,9.383742675,33.8437692
53.8412383,-9.7480337,6.106722071,9.38118768,33.83916643
53.8412383,-9.7480337,6.40460022,9.378650838,33.84624291
53.8412383,-9.7480337,6.702476994,9.376280879,33.84726838
53.8412383,-9.7480337,7.000353103,9.372688373,33.84787803
53.8412383,-9.7480337,7.298227707,9.36987114,33.85620821
53.8412383,-9.7480337,7.59610093,9.364284968,33.85530654
53.8412383,-9.7480337,7.893972621,9.355035869,33.86364875
53.8412383,-9.7480337,8.191842384,9.35090637,33.86652368
53.8412383,-9.7480337,8.48971089,9.345658301,33.86978222
53.8412383,-9.7480337,8.787578014,9.341007233,33.87367028
53.8412383,-9.7480337,9.085443539,9.334071303,33.87847225
53.8412383,-9.7480337,9.383307537,9.328853607,33.88161963
53.8412383,-9.7480337,9.681170361,9.326009274,33.88415728
53.8412383,-9.7480337,9.97903312,9.323603768,33.87811077
53.8412383,-9.7480337,10.27689545,9.319328516,33.88353164
53.8412383,-9.7480337,10.57475646,9.318407059,33.88578526
53.8412383,-9.7480337,10.87261632,9.316157927,33.88986917
53.8412383,-9.7480337,11.17047507,9.31369894,33.89172456
53.8412383,-9.7480337,11.46833285,9.31207297,33.89454243
53.8412383,-9.7480337,11.76618937,9.309062478,33.89889105
53.8412383,-9.7480337,12.06404471,9.308757305,33.90121082
53.8412383,-9.7480337,12.36189753,9.307810257,33.91786206
53.8412383,-9.7480337,12.65974725,9.304248901,33.92467122
53.8412383,-9.7480337,12.95759407,9.302972794,33.93928967
53.8412383,-9.7480337,13.25543799,9.301140036,33.94666276
53.8412383,-9.7480337,13.55328002,9.29917717,33.95223917
53.8412383,-9.7480337,13.85112007,9.296934024,33.9601305
53.8412383,-9.7480337,14.1489582,9.293414299,33.96510079
53.8412383,-9.7480337,14.44679464,9.293010592,33.97115433
53.8412383,-9.7480337,14.74462984,9.292716601,33.97286446
53.8412383,-9.7480337,15.04246401,9.29235673,33.97714587
53.8412383,-9.7480337,15.34029764,9.29294807,33.97466649
53.8412383,-9.7480337,15.63813111,9.293156948,33.97567079
53.8412383,-9.7480337,15.9359639,9.29409563,33.97800025
53.8412383,-9.7480337,16.23379517,9.294280662,33.98630761
53.8412383,-9.7480337,16.53162471,9.296426703,33.99073908
53.8412383,-9.7480337,16.82945272,9.300048085,33.99790612
53.8412383,-9.7480337,17.1272792,9.302038329,34.00249858
53.8412383,-9.7480337,17.42510501,9.302815437,34.0013651
53.8412383,-9.7480337,17.72293116,9.306086925,33.99736094
53.8412383,-9.7480337,18.02075683,9.307959757,34.00368084
53.8412383,-9.7480337,18.31858165,9.309081078,34.00246575
53.8412383,-9.7480337,18.61640582,9.310322285,34.00689587
53.8412383,-9.7480337,18.91422889,9.311093374,34.0095883
53.8412383,-9.7480337,19.21205103,9.311913491,34.01248301
53.8412383,-9.7480337,19.50987214,9.311747095,34.01581906
53.8412383,-9.7480337,19.80769213,9.312292436,34.01933704
53.8412383,-9.7480337,20.10551166,9.312746033,34.01720577
53.8412383,-9.7480337,20.40333076,9.31153956,34.01994742
53.8412383,-9.7480337,20.70114899,9.311009211,34.02152239
53.8412383,-9.7480337,20.99896712,9.311804122,34.0179486
53.8412383,-9.7480337,21.296785,9.313204808,34.02106972
53.8412383,-9.7480337,21.59460235,9.314908504,34.02038302
53.8412383,-9.7480337,21.89241796,9.315308049,34.03382537
53.8412383,-9.7480337,22.19023132,9.317338147,34.03772266
53.8412383,-9.7480337,22.48804338,9.318765256,34.04300472
53.8412383,-9.7480337,22.78585452,9.318975187,34.04325144
53.8412383,-9.7480337,23.08366556,9.321713448,34.04148755
53.8412383,-9.7480337,23.38147632,9.322270735,34.04341221
53.8412383,-9.7480337,23.67928615,9.321881978,34.0467023
53.8412383,-9.7480337,23.97709505,9.32346258,34.04883587
53.8412383,-9.7480337,24.2749043,9.32450904,34.04127157
53.8412383,-9.7480337,24.57271394,9.32354832,34.04240186
53.8412383,-9.7480337,24.87052343,9.320969998,34.03881165
53.8412383,-9.7480337,25.16833209,9.318919083,34.04582891
53.8412383,-9.7480337,25.46613924,9.319774761,34.04882813
53.8412383,-9.7480337,25.7639459,9.319681855,34.04738004
53.8412383,-9.7480337,26.06175179,9.320607195,34.05277949
53.8412383,-9.7480337,26.35955576,9.321591044,34.06173162
53.8412383,-9.7480337,26.6573583,9.322984513,34.06282015
53.8412383,-9.7480337,26.95515928,9.325146668,34.07334306
53.8412383,-9.7480337,27.25295896,9.327658304,34.07216324
53.8412383,-9.7480337,27.56283625,9.332447552,34.07138551
53.8105646,-9.6399412,0.149104625,9.640628146,32.52554188
53.8105646,-9.6399412,0.447287309,9.589469879,32.61381785
53.8105646,-9.6399412,0.745456439,9.566494324,32.67070961
53.8105646,-9.6399412,1.043612471,9.548630938,32.71766169
53.8105646,-9.6399412,1.341750965,9.52174103,32.81284249
53.8105646,-9.6399412,1.639868098,9.510318401,32.89477748
53.8105646,-9.6399412,1.937970738,9.512299671,32.93548829
53.8105646,-9.6399412,2.236062105,9.495089309,32.98786412
53.8105646,-9.6399412,2.534138682,9.469901315,33.05395199
53.8105646,-9.6399412,2.832202983,9.454302847,33.08450301
53.8105646,-9.6399412,3.130255813,9.449236667,33.14768875
53.8105646,-9.6399412,3.428294994,9.445585727,33.19989224
53.8105646,-9.6399412,3.716019831,9.433782813,33.21492595
53.8691005,-9.6435372,0.14904615,9.42181778,32.98935725
53.8691005,-9.6435372,0.447121784,9.406737424,32.99144477
53.8691005,-9.6435372,0.745198089,9.389440591,33.02020631
53.8691005,-9.6435372,1.043267708,9.378262482,33.0414537
53.8691005,-9.6435372,1.341332937,9.371098789,33.05207671
53.8691005,-9.6435372,1.639393328,9.366386667,33.07861641
53.8691005,-9.6435372,1.937450053,9.360789036,33.07922746
53.8691005,-9.6435372,2.235503058,9.355251443,33.10608197
53.8691005,-9.6435372,2.533547544,9.348041356,33.14859917
53.8691005,-9.6435372,2.83158208,9.338930183,33.18732842
53.8691005,-9.6435372,3.12960741,9.331938086,33.22333181
53.8691005,-9.6435372,3.427625063,9.325157806,33.24909257
53.8691005,-9.6435372,3.725637485,9.31574376,33.26306017
53.8691005,-9.6435372,4.023638177,9.308299135,33.3458988
53.8691005,-9.6435372,4.321619184,9.300582174,33.43026286
53.8691005,-9.6435372,4.619588065,9.296516394,33.44724276
53.8691005,-9.6435372,4.917551568,9.293687957,33.47320085
53.8691005,-9.6435372,5.215508974,9.290256562,33.49665142
53.8691005,-9.6435372,5.513462222,9.289368527,33.50593193
53.8691005,-9.6435372,5.811410496,9.288484574,33.53708997
53.8691005,-9.6435372,6.10934845,9.284750063,33.59286311
53.8691005,-9.6435372,6.40727494,9.281324117,33.63357638
53.8691005,-9.6435372,6.705184344,9.281169262,33.73961024
53.8691005,-9.6435372,7.003076153,9.27874166,33.78500631
53.8691005,-9.6435372,7.300959138,9.276094437,33.81329636
53.8691005,-9.6435372,7.598837314,9.275682182,33.82373977
53.8691005,-9.6435372,7.896713249,9.276012353,33.83003143
53.8691005,-9.6435372,8.194587403,9.27590847,33.83647992
53.8691005,-9.6435372,8.492460812,9.27372594,33.83313733
53.8691005,-9.6435372,8.790332806,9.269778252,33.84469092
53.8691005,-9.6435372,9.1499935,9.271344193,33.84312425
53.8826672,-9.6013921,0.149535951,9.862654574,28.77233227
53.8826672,-9.6013921,0.448211017,9.573074819,32.06721066
53.8826672,-9.6013921,0.746390395,9.498713146,33.09434333
53.8826672,-9.6013921,1.044423407,9.47916763,33.33308482
53.8826672,-9.6013921,1.342423279,9.475895054,33.37846412
53.8826672,-9.6013921,1.64041726,9.495260333,33.38531466
53.8826672,-9.6013921,1.938416429,9.534727097,33.34201767
53.8826672,-9.6013921,2.254835902,9.516516938,33.37982645
53.8944852,-9.6381664,0.149057545,11.86367663,33.430832
53.8944852,-9.6381664,0.447152105,11.80943629,33.45802893
53.8944852,-9.6381664,0.745245715,11.76971737,33.46018009
53.8944852,-9.6381664,1.043331631,11.72040043,33.5018842
53.8944852,-9.6381664,1.341405573,11.65411954,33.53566437
53.8944852,-9.6381664,1.639477524,11.63595786,33.49641851
53.8944852,-9.6381664,1.937551016,11.61955497,33.5108351
53.8944852,-9.6381664,2.235619856,11.59715509,33.52541232
53.8944852,-9.6381664,2.533685745,11.58727885,33.5263393
53.8944852,-9.6381664,2.831749495,11.58194646,33.53776002
53.8944852,-9.6381664,3.129811269,11.57085514,33.53696553
53.8944852,-9.6381664,3.485405359,11.56615013,33.54591312
53.8838775,-9.5549178,0.150841334,13.37060526,18.0883093
53.8838775,-9.5549178,0.451584649,13.24292031,26.16528886
53.8838775,-9.5549178,0.751200307,13.18900272,27.9907383
53.8838775,-9.5549178,1.050487159,13.13128542,29.03783187
53.8838775,-9.5549178,1.349582811,13.02936221,29.63844545
53.8838775,-9.5549178,1.648540941,12.94376128,30.20497133
53.8838775,-9.5549178,1.947385297,12.91386876,30.61367917
53.8838775,-9.5549178,2.246148086,12.88103247,30.90847559
53.8838775,-9.5549178,2.544858715,12.83290147,31.05245381
53.8838775,-9.5549178,2.843537367,12.80399635,31.16957021
53.8838775,-9.5549178,3.14219498,12.7959421,31.22663596
53.8838775,-9.5549178,3.440845977,12.78978246,31.22165969
53.8838775,-9.5549178,3.636791312,12.77867797,31.28363092
53.8819868,-9.6004364,0.1490824,13.41485595,33.602621
53.8819868,-9.6004364,0.447220879,13.3413324,33.66584422
53.8819868,-9.6004364,0.74534547,13.2467366,33.72908528
53.8819868,-9.6004364,1.043457239,13.22842644,33.74748311
53.8819868,-9.6004364,1.341560656,13.20295758,33.78900303
53.8819868,-9.6004364,1.639653407,13.16374338,33.82256077
53.8819868,-9.6004364,1.937737863,13.14400697,33.84449572
53.8819868,-9.6004364,2.235817992,13.13313642,33.85013955
53.8819868,-9.6004364,2.533895971,13.11892993,33.85416474
53.8819868,-9.6004364,2.831969204,13.10323987,33.88162919
53.8819868,-9.6004364,3.130037923,13.09533931,33.88522387
53.8819868,-9.6004364,3.428103388,13.09343392,33.90506004
53.8819868,-9.6004364,3.72616601,13.09020039,33.90618917
53.8819868,-9.6004364,4.024226939,13.08796788,33.9157341
53.8819868,-9.6004364,4.347977499,13.09300538,33.9209535
53.8690207,-9.6431641,0.14899401,12.81149379,34.23043499
53.8690207,-9.6431641,0.446967335,12.80857342,34.2292094
53.8690207,-9.6431641,0.744944266,12.79988496,34.23539678
53.8690207,-9.6431641,1.042919081,12.79028658,34.24038018
53.8690207,-9.6431641,1.340890748,12.76332903,34.25109743
53.8690207,-9.6431641,1.638858139,12.72314037,34.25831187
53.8690207,-9.6431641,1.936824078,12.69931431,34.24476643
53.8690207,-9.6431641,2.234792401,12.67615404,34.22225323
53.8690207,-9.6431641,2.532760936,12.64852672,34.22706162
53.8690207,-9.6431641,2.83072444,12.61027035,34.2473077
53.8690207,-9.6431641,3.12868118,12.57994253,34.26684452
53.8690207,-9.6431641,3.426632386,12.54985566,34.27825181
53.8690207,-9.6431641,3.724579356,12.51507827,34.28517427
53.8690207,-9.6431641,4.022526738,12.49953177,34.25896209
53.8690207,-9.6431641,4.320473992,12.46788691,34.2715021
53.8690207,-9.6431641,4.618417652,12.44424349,34.27404948
53.8690207,-9.6431641,4.916357863,12.42099034,34.28741049
53.8690207,-9.6431641,5.214293934,12.40176047,34.29720588
53.8690207,-9.6431641,5.512227468,12.38859654,34.29887221
53.8690207,-9.6431641,5.810160557,12.38356827,34.2936471
53.8690207,-9.6431641,6.108093979,12.37502557,34.28955316
53.8690207,-9.6431641,6.406026975,12.3695896,34.29098236
53.8690207,-9.6431641,6.703958271,12.36345203,34.29878446
53.8690207,-9.6431641,7.001887207,12.35902018,34.30633628
53.8690207,-9.6431641,7.299815555,12.35678629,34.29937068
53.8690207,-9.6431641,7.597744014,12.34787624,34.29960051
53.8690207,-9.6431641,7.895670049,12.33730516,34.31307572
53.8690207,-9.6431641,8.193594364,12.33101439,34.30769166
53.8690207,-9.6431641,8.49151877,12.31460438,34.30365414
53.8690207,-9.6431641,8.789440951,12.29124953,34.31458291
53.8690207,-9.6431641,9.0873602,12.2716065,34.31602158
53.8690207,-9.6431641,9.385278381,12.26864742,34.31547251
53.8690207,-9.6431641,9.683196509,12.26637232,34.31223359
53.8690207,-9.6431641,9.981114976,12.26233835,34.3079312
53.8690207,-9.6431641,10.27903331,12.25605751,34.30791287
53.8690207,-9.6431641,10.5769497,12.23825158,34.3161937
53.8690207,-9.6431641,10.87486345,12.22440666,34.32051205
53.8690207,-9.6431641,11.17277607,12.21832801,34.31834242
53.8690207,-9.6431641,11.47068874,12.21611512,34.3151117
53.8690207,-9.6431641,11.76860091,12.20989776,34.31767658
53.8690207,-9.6431641,12.06651169,12.20488307,34.32164349
53.8690207,-9.6431641,12.43977606,12.20355547,34.32856354
53.8618608,-9.6587658,0.148986703,12.82362852,34.30250226
53.8618608,-9.6587658,0.446942937,12.81984688,34.30378043
53.8618608,-9.6587658,0.744904632,12.81594447,34.2984009
53.8618608,-9.6587658,1.042865899,12.81352305,34.30300975
53.8618608,-9.6587658,1.340826879,12.81552718,34.29787514
53.8618608,-9.6587658,1.638787471,12.81893495,34.30487738
53.8618608,-9.6587658,1.936747203,12.82108089,34.30397282
53.8618608,-9.6587658,2.234706082,12.82184526,34.31023458
53.8618608,-9.6587658,2.532664176,12.81731486,34.30702069
53.8618608,-9.6587658,2.830622382,12.81508188,34.3045523
53.8618608,-9.6587658,3.128579556,12.80745537,34.31070758
53.8618608,-9.6587658,3.426535567,12.80718675,34.30990673
53.8618608,-9.6587658,3.72449094,12.80767549,34.31346706
53.8618608,-9.6587658,4.02244605,12.80794419,34.30946816
53.8618608,-9.6587658,4.320400967,12.80890211,34.31254001
53.8618608,-9.6587658,4.61835489,12.81092387,34.31609484
53.8618608,-9.6587658,4.916308487,12.81682479,34.31449731
53.8618608,-9.6587658,5.214262422,12.8234854,34.31332666
53.8618608,-9.6587658,5.512217154,12.82459533,34.30644396
53.8618608,-9.6587658,5.810172661,12.81977006,34.30253326
53.8618608,-9.6587658,6.108127446,12.8180477,34.30821436
53.8618608,-9.6587658,6.406080581,12.81329444,34.31257363
53.8618608,-9.6587658,6.704031636,12.80131625,34.31946794
53.8618608,-9.6587658,7.001981996,12.79403652,34.31086877
53.8618608,-9.6587658,7.299931929,12.7870316,34.31665224
53.8618608,-9.6587658,7.597883114,12.78242489,34.29382051
53.8618608,-9.6587658,7.895837627,12.80071057,34.28760538
53.8618608,-9.6587658,8.193789949,12.79537658,34.31362998
53.8618608,-9.6587658,8.491738546,12.78337495,34.3133129
53.8618608,-9.6587658,8.789685337,12.76260459,34.31836043
53.8618608,-9.6587658,9.087627754,12.71296192,34.33128698
53.8618608,-9.6587658,9.385565646,12.64261553,34.32511168
53.8618608,-9.6587658,9.683501117,12.59012125,34.31870702
53.8618608,-9.6587658,9.981435184,12.56809978,34.31577574
53.8618608,-9.6587658,10.279368,12.56487273,34.3205274
53.8618608,-9.6587658,10.57729924,12.56265042,34.32538496
53.8618608,-9.6587658,10.87522844,12.56463328,34.33560132
53.8618608,-9.6587658,11.17315847,12.57580725,34.31836184
53.8618608,-9.6587658,11.47109364,12.56980047,34.28832794
53.8618608,-9.6587658,11.76902886,12.54709716,34.30768859
53.8618608,-9.6587658,12.06695807,12.53854717,34.33090663
53.8618608,-9.6587658,12.36488527,12.5434772,34.32165175
53.8618608,-9.6587658,12.66281614,12.55941295,34.30055748
53.8618608,-9.6587658,12.96074966,12.58302536,34.30512988
53.8618608,-9.6587658,13.25868318,12.58693865,34.30457737
53.8618608,-9.6587658,13.55661597,12.58085266,34.30812061
53.8618608,-9.6587658,13.854547,12.57304376,34.31369617
53.8618608,-9.6587658,14.15247591,12.57189482,34.32172102
53.8618608,-9.6587658,14.45040452,12.57757637,34.31459069
53.8618608,-9.6587658,14.74833392,12.58909598,34.31602141
53.8618608,-9.6587658,15.04626317,12.59435522,34.31724843
53.8618608,-9.6587658,15.34419176,12.59333373,34.3199456
53.8618608,-9.6587658,15.64211888,12.5850786,34.3250359
53.8618608,-9.6587658,15.94004598,12.5902052,34.31631165
53.8618608,-9.6587658,16.23797417,12.5983806,34.31577915
53.8618608,-9.6587658,16.53590241,12.6007526,34.31562864
53.8618608,-9.6587658,16.83383016,12.60271197,34.31820853
53.8618608,-9.6587658,17.13175639,12.60291934,34.32670703
53.8618608,-9.6587658,17.4296794,12.59905804,34.34295901
53.8618608,-9.6587658,17.72760003,12.60448347,34.34522227
53.8618608,-9.6587658,18.0255205,12.60024611,34.34174717
53.8618608,-9.6587658,18.32344608,12.61133231,34.29860525
53.8618608,-9.6587658,18.62137599,12.60344809,34.30118073
53.8618608,-9.6587658,18.9193038,12.59769528,34.31070799
53.8618608,-9.6587658,19.2172355,12.59267351,34.26104562
53.8618608,-9.6587658,19.51517204,12.56245766,34.2558738
53.8618608,-9.6587658,19.8131027,12.5176742,34.29130801
53.8618608,-9.6587658,20.11102507,12.4848095,34.30702836
53.8618608,-9.6587658,20.34880328,12.48845559,34.30857601
53.8500921,-9.8670852,0.14899742,13.69068049,34.43409969
53.8500921,-9.8670852,0.446975946,13.68471814,34.43251649
53.8500921,-9.8670852,0.744961191,13.6826708,34.41683626
53.8500921,-9.8670852,1.042948698,13.68129865,34.40851699
53.8500921,-9.8670852,1.340940891,13.68014585,34.37148324
53.8500921,-9.8670852,1.638935671,13.67693805,34.38136455
53.8500921,-9.8670852,1.93693287,13.67205994,34.34483193
53.8500921,-9.8670852,2.234935156,13.66785441,34.33070954
53.8500921,-9.8670852,2.532938739,13.66213143,34.3276769
53.8500921,-9.8670852,2.830942205,13.65301869,34.3248418
53.8500921,-9.8670852,3.128944313,13.6451972,34.33229132
53.8500921,-9.8670852,3.426943992,13.64007051,34.34005988
53.8500921,-9.8670852,3.724942304,13.63597293,34.33905122
53.8500921,-9.8670852,4.022939482,13.6360385,34.34611302
53.8500921,-9.8670852,4.320935513,13.63328792,34.3455943
53.8500921,-9.8670852,4.618931978,13.6231288,34.33585415
53.8500921,-9.8670852,4.916925793,13.61361344,34.36099288
53.8500921,-9.8670852,5.214916579,13.60766722,34.35573585
53.8500921,-9.8670852,5.512906236,13.58805553,34.36129953
53.8500921,-9.8670852,5.810893101,13.57947796,34.37013736
53.8500921,-9.8670852,6.108879501,13.57544329,34.35913254
53.8500921,-9.8670852,6.406866469,13.56014605,34.35699428
53.8500921,-9.8670852,6.704852159,13.5420329,34.35868163
53.8500921,-9.8670852,7.002836255,13.53226131,34.3608353
53.8500921,-9.8670852,7.300819532,13.5244552,34.35836017
53.8500921,-9.8670852,7.598801461,13.51700695,34.36582333
53.8500921,-9.8670852,7.896780887,13.50998209,34.373848
53.8500921,-9.8670852,8.194757818,13.50398275,34.38162558
53.8500921,-9.8670852,8.492734354,13.49748489,34.3710966
53.8500921,-9.8670852,8.790710652,13.48574192,34.37595581
53.8500921,-9.8670852,9.088685191,13.46753129,34.37587797
53.8500921,-9.8670852,9.386657337,13.43933156,34.38203672
53.8500921,-9.8670852,9.684626123,13.41790582,34.38973145
53.8500921,-9.8670852,9.982595086,13.41150612,34.37016091
53.8500921,-9.8670852,10.280567,13.40646273,34.35747561
53.8500921,-9.8670852,10.57853926,13.37930111,34.35564663
53.8500921,-9.8670852,10.87650825,13.35490072,34.37007578
53.8500921,-9.8670852,11.17447381,13.33794548,34.37234239
53.8500921,-9.8670852,11.47243679,13.32631598,34.38263128
53.8500921,-9.8670852,11.77039603,13.31687333,34.39699037
53.8500921,-9.8670852,12.06835266,13.30669127,34.39783136
53.8500921,-9.8670852,12.36630855,13.3003064,34.39628089
53.8500921,-9.8670852,12.66426389,13.29503326,34.39668185
53.8500921,-9.8670852,12.96221936,13.28564488,34.38825713
53.8500921,-9.8670852,13.26017292,13.27574726,34.40577495
53.8500921,-9.8670852,13.55812418,13.26368754,34.39994161
53.8500921,-9.8670852,13.85607496,13.24973856,34.40031418
53.8500921,-9.8670852,14.15402493,13.24427734,34.39909862
53.8500921,-9.8670852,14.45197494,13.24079194,34.39462278
53.8500921,-9.8670852,14.7499237,13.23290658,34.40429186
53.8500921,-9.8670852,15.04787005,13.2213428,34.40807738
53.8500921,-9.8670852,15.34581554,13.20501601,34.40163134
53.8500921,-9.8670852,15.64376003,13.16881618,34.40041638
53.8500921,-9.8670852,15.9417012,13.13905799,34.41092057
53.8500921,-9.8670852,16.23964006,13.12516575,34.40666931
53.8500921,-9.8670852,16.53757976,13.10031896,34.39038698
53.8500921,-9.8670852,16.83551798,13.03862659,34.39451387
53.8500921,-9.8670852,17.13345114,13.0043385,34.40749277
53.8500921,-9.8670852,17.43138204,12.96660779,34.39306566
53.8500921,-9.8670852,17.72930482,12.8890593,34.44702453
53.8500921,-9.8670852,18.0272195,12.82442026,34.42554392
53.8500921,-9.8670852,18.325133,12.76459068,34.42272437
53.8500921,-9.8670852,18.62304474,12.71577657,34.41043444
53.8500921,-9.8670852,18.92095154,12.65036538,34.43463543
53.8500921,-9.8670852,19.21884928,12.60858934,34.46072163
53.8500921,-9.8670852,19.51674275,12.59790634,34.45632517
53.8500921,-9.8670852,19.8146331,12.5672328,34.4749628
53.8500921,-9.8670852,20.1125183,12.55089952,34.48722646
53.8500921,-9.8670852,20.41040072,12.53296894,34.4880904
53.8500921,-9.8670852,20.70827924,12.4931456,34.50429387
53.8500921,-9.8670852,21.00615622,12.45996523,34.48044309
53.8500921,-9.8670852,21.30403261,12.41784131,34.48757502
53.8500921,-9.8670852,21.60190387,12.37128234,34.50088968
53.8500921,-9.8670852,21.89977168,12.33395487,34.49415332
53.8500921,-9.8670852,22.19763702,12.30969668,34.50448047
53.8500921,-9.8670852,22.49550014,12.30265923,34.50312449
53.8500921,-9.8670852,22.79336331,12.28956279,34.49596982
53.8500921,-9.8670852,23.09122666,12.26578475,34.48948229
53.8500921,-9.8670852,23.38908736,12.2303328,34.50164963
53.8500921,-9.8670852,23.6869418,12.19466853,34.52450125
53.8500921,-9.8670852,23.98479174,12.17719573,34.525473
53.8500921,-9.8670852,24.28263841,12.16638223,34.54351071
53.8500921,-9.8670852,24.58048221,12.1585934,34.54340339
53.8500921,-9.8670852,24.88709602,12.15673491,34.54846016
53.800127,-9.8662528,0.148995762,13.62726316,34.44259294
53.800127,-9.8662528,0.446966272,13.61419481,34.45211903
53.800127,-9.8662528,0.744941658,13.60690385,34.44808123
53.800127,-9.8662528,1.042918498,13.60544789,34.43388607
53.800127,-9.8662528,1.340896392,13.61536884,34.43798642
53.800127,-9.8662528,1.638873062,13.61801026,34.44517025
53.800127,-9.8662528,1.936847941,13.61036143,34.44963991
53.800127,-9.8662528,2.234821071,13.60108377,34.45327589
53.800127,-9.8662528,2.532792467,13.59663483,34.45846416
53.800127,-9.8662528,2.830761951,13.59163739,34.46482837
53.800127,-9.8662528,3.128731459,13.58935213,34.4533579
53.800127,-9.8662528,3.426701808,13.58828546,34.45348838
53.800127,-9.8662528,3.724671604,13.58613293,34.45446984
53.800127,-9.8662528,4.022640875,13.58187269,34.45349766
53.800127,-9.8662528,4.32060919,13.57919263,34.45818092
53.800127,-9.8662528,4.618577111,13.57598397,34.45247697
53.800127,-9.8662528,4.916543879,13.56397657,34.46144625
53.800127,-9.8662528,5.21450733,13.5493562,34.47197524
53.800127,-9.8662528,5.512468606,13.53142362,34.4692079
53.800127,-9.8662528,5.810428171,13.4947668,34.46978242
53.800127,-9.8662528,6.108383585,13.45139759,34.4820241
53.800127,-9.8662528,6.406334836,13.41711877,34.48334929
53.800127,-9.8662528,6.704284499,13.37010936,34.47178006
53.800127,-9.8662528,7.002233572,13.32072326,34.46028243
53.800127,-9.8662528,7.300181647,13.29040412,34.45678268
53.800127,-9.8662528,7.598130644,13.24766215,34.42997587
53.800127,-9.8662528,7.896080967,13.18900115,34.41554303
53.800127,-9.8662528,8.194026852,13.14015178,34.43844935
53.800127,-9.8662528,8.491962912,13.06547446,34.46787108
53.800127,-9.8662528,8.789889984,12.99693789,34.47829799
53.800127,-9.8662528,9.087813665,12.95937342,34.4676433
53.800127,-9.8662528,9.385736532,12.9256635,34.46419236
53.800127,-9.8662528,9.683655613,12.8707323,34.47554731
53.800127,-9.8662528,9.981569415,12.80901925,34.47822672
53.800127,-9.8662528,10.27947613,12.76124506,34.50751727
53.800127,-9.8662528,10.57737447,12.69848498,34.52156528
53.800127,-9.8662528,10.87527042,12.64149189,34.49524054
53.800127,-9.8662528,11.1731626,12.5863231,34.52370159
53.800127,-9.8662528,11.471044,12.52920971,34.55961062
53.800127,-9.8662528,11.76891778,12.46832862,34.55868239
53.800127,-9.8662528,12.06679239,12.41462634,34.5203355
53.800127,-9.8662528,12.3646676,12.36308968,34.52410362
53.800127,-9.8662528,12.66253632,12.32032448,34.55136463
53.800127,-9.8662528,12.96039948,12.30132253,34.55510016
53.800127,-9.8662528,13.25825901,12.28340778,34.57140744
53.800127,-9.8662528,13.55611311,12.268363,34.59209327
53.800127,-9.8662528,13.8539632,12.25971959,34.59820621
53.800127,-9.8662528,14.15181146,12.25394981,34.60181271
53.800127,-9.8662528,14.44965852,12.24743281,34.60277435
53.800127,-9.8662528,14.74750419,12.23773073,34.60718282
53.800127,-9.8662528,15.04534835,12.22944145,34.60870375
53.800127,-9.8662528,15.34319149,12.21425145,34.60745791
53.800127,-9.8662528,15.64103225,12.19366814,34.61798085
53.800127,-9.8662528,15.93886991,12.16981848,34.6209788
53.800127,-9.8662528,16.23670747,12.15619542,34.60663371
53.800127,-9.8662528,16.53454483,12.13960386,34.61229236
53.800127,-9.8662528,16.83238034,12.11542499,34.61004011
53.800127,-9.8662528,17.13021357,12.09728042,34.61908558
53.800127,-9.8662528,17.42804365,12.0755377,34.6251614
53.800127,-9.8662528,17.72587007,12.04135612,34.63484641
53.800127,-9.8662528,18.02369403,12.00540379,34.62664957
53.800127,-9.8662528,18.32151748,11.98250955,34.62205447
53.800127,-9.8662528,18.6193388,11.96038831,34.63149321
53.800127,-9.8662528,18.91715544,11.92799887,34.64727387
53.800127,-9.8662528,19.21496579,11.8893062,34.66694997
53.800127,-9.8662528,19.51277448,11.8631525,34.64307797
53.800127,-9.8662528,19.81058345,11.83278145,34.64786372
53.800127,-9.8662528,20.10838652,11.7949816,34.67570019
53.800127,-9.8662528,20.40618207,11.74285251,34.68985556
53.800127,-9.8662528,20.70397466,11.71043793,34.6784545
53.800127,-9.8662528,21.00176791,11.70315247,34.67143013
53.800127,-9.8662528,21.29956305,11.68257052,34.65193482
53.800127,-9.8662528,21.59735697,11.65071839,34.66665146
53.800127,-9.8662528,21.89514613,11.63512766,34.67970814
53.800127,-9.8662528,22.19293141,11.62228665,34.69121633
53.800127,-9.8662528,22.49071388,11.61180204,34.69604573
53.800127,-9.8662528,22.78849468,11.60560685,34.69908344
53.800127,-9.8662528,23.08627373,11.60229051,34.70623603
53.800127,-9.8662528,23.38405136,11.6008467,34.70767249
53.800127,-9.8662528,23.68182848,11.59919885,34.70694125
53.800127,-9.8662528,23.97960462,11.59695542,34.7125469
53.800127,-9.8662528,24.27738001,11.59638923,34.70988906
53.800127,-9.8662528,24.57515582,11.59547808,34.70551413
53.800127,-9.8662528,24.87293147,11.59401748,34.70774407
53.800127,-9.8662528,25.17070665,11.59301252,34.70617818
53.800127,-9.8662528,25.46848119,11.59220027,34.70998689
53.800127,-9.8662528,25.76625462,11.59081751,34.7125209
53.800127,-9.8662528,26.06402747,11.58938512,34.71146091
53.800127,-9.8662528,26.36179893,11.58726256,34.72110958
53.800127,-9.8662528,26.65956967,11.58651748,34.71410237
53.800127,-9.8662528,26.95734056,11.58716213,34.71683779
53.800127,-9.8662528,27.2551107,11.58678143,34.71779397
53.800127,-9.8662528,27.55288127,11.58748965,34.71021143
53.800127,-9.8662528,27.85065172,11.58704502,34.71586756
53.800127,-9.8662528,28.14842196,11.58722763,34.70914603
53.800127,-9.8662528,28.44619238,11.58845017,34.71155617
53.800127,-9.8662528,28.74396215,11.58902628,34.7124382
53.800127,-9.8662528,28.89451964,11.59019661,34.7206799
53.8002172,-9.7756116,0.149011845,13.89173404,34.36543498
53.8002172,-9.7756116,0.447019215,13.89527138,34.36623132
53.8002172,-9.7756116,0.745031201,13.89726531,34.37059793
53.8002172,-9.7756116,1.043042481,13.89670222,34.36994345
53.8002172,-9.7756116,1.341052811,13.8888695,34.37385013
53.8002172,-9.7756116,1.639061314,13.8781129,34.37823564
53.8002172,-9.7756116,1.937068335,13.87137263,34.37939489
53.8002172,-9.7756116,2.23507586,13.87215706,34.36917347
53.8002172,-9.7756116,2.533084001,13.87021241,34.37063916
53.8002172,-9.7756116,2.831091312,13.8675852,34.37238267
53.8002172,-9.7756116,3.12909747,13.86163125,34.37564115
53.8002172,-9.7756116,3.427102057,13.85580034,34.38023838
53.8002172,-9.7756116,3.725105711,13.85217739,34.37845486
53.8002172,-9.7756116,4.023108218,13.84154515,34.38365852
53.8002172,-9.7756116,4.32110899,13.81338915,34.38052682
53.8002172,-9.7756116,4.619108477,13.79415978,34.37941544
53.8002172,-9.7756116,4.917106953,13.77851401,34.37720817
53.8002172,-9.7756116,5.215104943,13.76836537,34.37388011
53.8002172,-9.7756116,5.513102106,13.75935792,34.37647863
53.8002172,-9.7756116,5.811098463,13.75462818,34.37442078
53.8002172,-9.7756116,6.109094301,13.75229858,34.37624736
53.8002172,-9.7756116,6.407089608,13.75041768,34.37506338
53.8002172,-9.7756116,6.705084097,13.74633584,34.37898591
53.8002172,-9.7756116,7.003077877,13.74143815,34.37600679
53.8002172,-9.7756116,7.301070748,13.73797998,34.38188062
53.8002172,-9.7756116,7.599062755,13.73297747,34.37848573
53.8002172,-9.7756116,7.897054561,13.72753758,34.37791872
53.8002172,-9.7756116,8.195045814,13.72570128,34.3784998
53.8002172,-9.7756116,8.493037235,13.72182767,34.37193505
53.8002172,-9.7756116,8.79102839,13.71806573,34.37587413
53.8002172,-9.7756116,9.089018619,13.71473648,34.37532277
53.8002172,-9.7756116,9.387008118,13.7124762,34.37792383
53.8002172,-9.7756116,9.684996733,13.70856119,34.37859051
53.8002172,-9.7756116,9.982985238,13.70593177,34.37418547
53.8002172,-9.7756116,10.28097343,13.70288373,34.37694892
53.8002172,-9.7756116,10.57896125,13.70059139,34.3729979
53.8002172,-9.7756116,10.87694804,13.69776549,34.38188895
53.8002172,-9.7756116,11.17493378,13.69742808,34.37854044
53.8002172,-9.7756116,11.47291949,13.69510868,34.37841701
53.8002172,-9.7756116,11.77090419,13.69063067,34.38282518
53.8002172,-9.7756116,12.06888826,13.68764267,34.37910981
53.8002172,-9.7756116,12.36687142,13.68170911,34.38555327
53.8002172,-9.7756116,12.66485296,13.67188589,34.38633231
53.8002172,-9.7756116,12.96283153,13.65132963,34.40090482
53.8002172,-9.7756116,13.26080673,13.59241809,34.39230834
53.8002172,-9.7756116,13.55877435,13.46302448,34.41537512
53.8002172,-9.7756116,13.85673727,13.33061633,34.36197969
53.8002172,-9.7756116,14.15469845,13.16881976,34.35081851
53.8002172,-9.7756116,14.45264912,13.04130903,34.37702482
53.8002172,-9.7756116,14.75057904,12.91913523,34.46777038
53.8002172,-9.7756116,15.04849801,12.77069433,34.40190144
53.8002172,-9.7756116,15.34641464,12.65492139,34.41802009
53.8002172,-9.7756116,15.64431964,12.5791379,34.45371178
53.8002172,-9.7756116,15.94221135,12.50538335,34.4952147
53.8002172,-9.7756116,16.24009242,12.45555639,34.51411698
53.8002172,-9.7756116,16.53796906,12.42579574,34.51151636
53.8002172,-9.7756116,16.83584354,12.39188739,34.51443347
53.8002172,-9.7756116,17.13371415,12.36495391,34.52770968
53.8002172,-9.7756116,17.43158061,12.35086737,34.53795496
53.8002172,-9.7756116,17.7294434,12.33230275,34.54928183
53.8002172,-9.7756116,18.02730383,12.31961283,34.548078
53.8002172,-9.7756116,18.32516341,12.30970128,34.54818578
53.8002172,-9.7756116,18.62302196,12.29836322,34.54900132
53.8002172,-9.7756116,18.92087838,12.28713655,34.55846845
53.8002172,-9.7756116,19.21873331,12.27956342,34.55456492
53.8002172,-9.7756116,19.51658746,12.27089715,34.55845864
53.8002172,-9.7756116,19.81444026,12.2632835,34.55949196
53.8002172,-9.7756116,20.11229173,12.25833629,34.56413421
53.8002172,-9.7756116,20.4101416,12.25462956,34.56861651
53.8002172,-9.7756116,20.70799123,12.25307207,34.56203557
53.8002172,-9.7756116,21.00584051,12.25096498,34.56780047
53.8002172,-9.7756116,21.30368821,12.24803128,34.57183041
53.8002172,-9.7756116,21.60153459,12.2471117,34.57557387
53.8002172,-9.7756116,21.89938036,12.24228448,34.57295037
53.8002172,-9.7756116,22.19722536,12.23922298,34.57736113
53.8002172,-9.7756116,22.49506984,12.23610529,34.57315545
53.8002172,-9.7756116,22.79291423,12.23330329,34.57368828
53.8002172,-9.7756116,23.09075771,12.22908598,34.57649379
53.8002172,-9.7756116,23.38859988,12.22145139,34.57945833
53.8002172,-9.7756116,23.68644024,12.21181532,34.58535595
53.8002172,-9.7756116,23.98427905,12.19560713,34.58369059
53.8002172,-9.7756116,24.28211512,12.1725897,34.5970683
53.8002172,-9.7756116,24.57994916,12.14755618,34.58681172
53.8002172,-9.7756116,24.87779452,12.13076509,34.48330901
53.8002172,-9.7756116,25.17564281,12.1103287,34.54857002
53.8002172,-9.7756116,25.47347866,12.08868158,34.58038733
53.8002172,-9.7756116,25.77130858,12.07154312,34.58856872
53.8002172,-9.7756116,26.0691364,12.06141559,34.5894164
53.8002172,-9.7756116,26.36696235,12.05157493,34.59727433
53.8002172,-9.7756116,26.66478609,12.04446355,34.60192992
53.8002172,-9.7756116,26.96260804,12.04087374,34.60755398
53.8002172,-9.7756116,27.26042878,12.0369632,34.60781648
53.8002172,-9.7756116,27.55824906,12.03587867,34.60741129
53.8002172,-9.7756116,27.85606895,12.03245684,34.6072617
53.8002172,-9.7756116,28.15388797,12.03020062,34.61069905
53.8002172,-9.7756116,28.45170648,12.02671658,34.60748084
53.8002172,-9.7756116,28.74952564,12.02100635,34.59971195
53.8002172,-9.7756116,29.04734519,12.0130925,34.59765355
53.8002172,-9.7756116,29.34516352,12.00455561,34.60352493
53.8002172,-9.7756116,29.64298013,11.99674322,34.60595785
53.8002172,-9.7756116,29.98735301,11.99124745,34.61809453
53.8105397,-9.6395451,0.14901448,13.91471254,34.34797572
53.8105397,-9.6395451,0.447027862,13.91039784,34.33391668
53.8105397,-9.6395451,0.745047552,13.90823752,34.33687304
53.8105397,-9.6395451,1.043067226,13.90762635,34.33036152
53.8105397,-9.6395451,1.341086798,13.90833855,34.33485092
53.8105397,-9.6395451,1.639105749,13.90689203,34.33273747
53.8105397,-9.6395451,1.937124402,13.90532642,34.33373361
53.8105397,-9.6395451,2.235142277,13.90380022,34.33587527
53.8105397,-9.6395451,2.533159981,13.9035257,34.33181317
53.8105397,-9.6395451,2.831178198,13.90561494,34.32883702
53.8105397,-9.6395451,3.129196138,13.90631896,34.33207354
53.8105397,-9.6395451,3.427213356,13.90975208,34.33342377
53.8105397,-9.6395451,3.725228666,13.90717903,34.34634824
53.8105397,-9.6395451,3.98730288,13.91429673,34.33838864
53.8411106,-9.7470407,0.149008035,13.74460045,34.35842355
53.8411106,-9.7470407,0.447005841,13.74392327,34.35539937
53.8411106,-9.7470407,0.745009111,13.74490981,34.361293
53.8411106,-9.7470407,1.043010763,13.74150896,34.36619049
53.8411106,-9.7470407,1.341011467,13.73748079,34.3647991
53.8411106,-9.7470407,1.639010612,13.7293615,34.37386356
53.8411106,-9.7470407,1.937007995,13.71195991,34.37069896
53.8411106,-9.7470407,2.235005115,13.70293575,34.36619088
53.8411106,-9.7470407,2.53300158,13.69496881,34.36903226
53.8411106,-9.7470407,2.830995895,13.67880056,34.37593916
53.8411106,-9.7470407,3.128988235,13.65090128,34.3719001
53.8411106,-9.7470407,3.426979505,13.61805213,34.3663271
53.8411106,-9.7470407,3.724971208,13.58636341,34.34792957
53.8411106,-9.7470407,4.022964466,13.56063664,34.33427146
53.8411106,-9.7470407,4.32095734,13.54731362,34.33804083
53.8411106,-9.7470407,4.618946768,13.53037321,34.3539627
53.8411106,-9.7470407,4.916933277,13.51981404,34.35377166
53.8411106,-9.7470407,5.214917439,13.51640045,34.36819152
53.8411106,-9.7470407,5.512900016,13.51349974,34.36324649
53.8411106,-9.7470407,5.810881885,13.511142,34.37015096
53.8411106,-9.7470407,6.108862801,13.51136236,34.36819099
53.8411106,-9.7470407,6.406843404,13.50990173,34.36965301
53.8411106,-9.7470407,6.704823245,13.50829046,34.37120024
53.8411106,-9.7470407,7.002803098,13.50766405,34.36599369
53.8411106,-9.7470407,7.300782309,13.50627243,34.37342453
53.8411106,-9.7470407,7.598759921,13.50372152,34.3762136
53.8411106,-9.7470407,7.896737391,13.50137621,34.37044481
53.8411106,-9.7470407,8.194714975,13.50110703,34.37153516
53.8411106,-9.7470407,8.492692325,13.4999078,34.36918368
53.8411106,-9.7470407,8.790669701,13.49989109,34.36803241
53.8411106,-9.7470407,9.088646816,13.49745679,34.36788294
53.8411106,-9.7470407,9.386622384,13.49592932,34.37780794
53.8411106,-9.7470407,9.684595363,13.49647975,34.38769575
53.8411106,-9.7470407,9.982566597,13.49641541,34.39051102
53.8411106,-9.7470407,10.28053615,13.49484781,34.39924127
53.8411106,-9.7470407,10.57850397,13.49309606,34.40216751
53.8411106,-9.7470407,10.87647106,13.49007225,34.40142419
53.8411106,-9.7470407,11.1744378,13.48570995,34.40049015
53.8411106,-9.7470407,11.47240371,13.47910311,34.40279541
53.8411106,-9.7470407,11.77036851,13.47049076,34.40346818
53.8411106,-9.7470407,12.06833218,13.44876649,34.40195862
53.8411106,-9.7470407,12.36629254,13.41582646,34.41539371
53.8411106,-9.7470407,12.66425017,13.39529534,34.40926675
53.8411106,-9.7470407,12.96220784,13.36133371,34.39772344
53.8411106,-9.7470407,13.26016365,13.33200216,34.4062475
53.8411106,-9.7470407,13.55811651,13.3021239,34.40544415
53.8411106,-9.7470407,13.85606555,13.26986737,34.42093625
53.8411106,-9.7470407,14.15400967,13.24256517,34.43072369
53.8411106,-9.7470407,14.45195057,13.22463602,34.43477534
53.8411106,-9.7470407,14.74988784,13.20062679,34.4490427
53.8411106,-9.7470407,15.04782003,13.1678852,34.46224166
53.8411106,-9.7470407,15.34574894,13.14488556,34.46076865
53.8411106,-9.7470407,15.64367808,13.12671808,34.44647749
53.8411106,-9.7470407,15.94160679,13.10656856,34.45166789
53.8411106,-9.7470407,16.23953176,13.09011232,34.46728018
53.8411106,-9.7470407,16.53745323,13.0798202,34.47287995
53.8411106,-9.7470407,16.83537254,13.07005848,34.47835277
53.8411106,-9.7470407,17.13329071,13.05963622,34.47479427
53.8411106,-9.7470407,17.43120776,13.04497088,34.47892915
53.8411106,-9.7470407,17.72912197,13.02904924,34.4890292
53.8411106,-9.7470407,18.02703668,13.01716687,34.46447857
53.8411106,-9.7470407,18.32495096,13.00729962,34.48417363
53.8411106,-9.7470407,18.62286214,12.99408425,34.48311797
53.8411106,-9.7470407,18.92077173,12.97959988,34.48817897
53.8411106,-9.7470407,19.21867922,12.96534334,34.49141506
53.8411106,-9.7470407,19.51658436,12.94856193,34.49808612
53.8411106,-9.7470407,19.81448818,12.93047536,34.49124556
53.8411106,-9.7470407,20.11239144,12.90351443,34.48846511
53.8411106,-9.7470407,20.41029292,12.87685521,34.49039893
53.8411106,-9.7470407,20.7081916,12.85944106,34.49897349
53.8411106,-9.7470407,21.00608747,12.8452725,34.50436328
53.8411106,-9.7470407,21.30398148,12.83809418,34.50697429
53.8411106,-9.7470407,21.60187379,12.83530593,34.5140424
53.8411106,-9.7470407,21.8997637,12.83159609,34.52369192
53.8411106,-9.7470407,22.19765344,12.8255558,34.51006019
53.8411106,-9.7470407,22.49554358,12.81388006,34.51261882
53.8411106,-9.7470407,22.79343195,12.80407172,34.51733877
53.8411106,-9.7470407,23.09131844,12.79088931,34.52052263
53.8411106,-9.7470407,23.3892034,12.77535813,34.52058442
53.8411106,-9.7470407,23.68708654,12.75944562,34.52566918
53.8411106,-9.7470407,23.98496756,12.74121531,34.52780785
53.8411106,-9.7470407,24.28284606,12.71841007,34.53460103
53.8411106,-9.7470407,24.58072372,12.70065559,34.52190992
53.8411106,-9.7470407,24.87860614,12.70323149,34.48554847
53.8411106,-9.7470407,25.17649118,12.68193263,34.49081068
53.8411106,-9.7470407,25.47437165,12.64899921,34.50949159
53.8411106,-9.7470407,25.77224739,12.61834389,34.51362047
53.8411106,-9.7470407,26.07012376,12.59928597,34.48842995
53.8411106,-9.7470407,26.36799781,12.55907741,34.51611807
53.8411106,-9.7470407,26.66586511,12.52644914,34.52708435
53.8411106,-9.7470407,26.96372673,12.50718266,34.55056186
53.8411106,-9.7470407,27.26158471,12.49513843,34.54850214
53.8411106,-9.7470407,27.45103666,12.48876762,34.5726635
53.8490204,-9.7701361,0.149003546,13.82562757,34.41795121
53.8490204,-9.7701361,0.446992151,13.82621675,34.42466637
53.8490204,-9.7701361,0.744988244,13.83913475,34.40387826
53.8490204,-9.7701361,1.042986423,13.85488649,34.41083445
53.8490204,-9.7701361,1.340981585,13.8511704,34.43103059
53.8490204,-9.7701361,1.638974461,13.83979859,34.4241699
53.8490204,-9.7701361,1.936967232,13.83814164,34.42551351
53.8490204,-9.7701361,2.234957412,13.81925005,34.43875621
53.8490204,-9.7701361,2.532943618,13.79301231,34.44583027
53.8490204,-9.7701361,2.830928078,13.77913006,34.44057343
53.8490204,-9.7701361,3.128914617,13.78066416,34.42104687
53.8490204,-9.7701361,3.426902704,13.77923145,34.42385359
53.8490204,-9.7701361,3.724889194,13.74788506,34.4235344
53.8490204,-9.7701361,4.022877626,13.72869614,34.39006682
53.8490204,-9.7701361,4.320866459,13.70254022,34.40488526
53.8490204,-9.7701361,4.618850943,13.67611149,34.41178405
53.8490204,-9.7701361,4.916832453,13.64961892,34.41427754
53.8490204,-9.7701361,5.214812807,13.63282068,34.40757971
53.8490204,-9.7701361,5.512793123,13.62219409,34.40435621
53.8490204,-9.7701361,5.810776666,13.61702716,34.37168391
53.8490204,-9.7701361,6.108761868,13.60159808,34.38116551
53.8490204,-9.7701361,6.406743442,13.58644581,34.39287958
53.8490204,-9.7701361,6.704721969,13.5721629,34.39751373
53.8490204,-9.7701361,7.002697014,13.56308118,34.41470874
53.8490204,-9.7701361,7.300668848,13.55785484,34.4193406
53.8490204,-9.7701361,7.598639866,13.55454267,34.41674861
53.8490204,-9.7701361,7.896610718,13.5516901,34.41621489
53.8490204,-9.7701361,8.194580597,13.54767039,34.4206346
53.8490204,-9.7701361,8.492550032,13.54419536,34.41522179
53.8490204,-9.7701361,8.790519044,13.53891556,34.41911769
53.8490204,-9.7701361,9.088486672,13.5300544,34.42083568
53.8490204,-9.7701361,9.386452744,13.52064085,34.42515804
53.8490204,-9.7701361,9.684417924,13.51151074,34.42089983
53.8490204,-9.7701361,9.982382161,13.49116076,34.42279616
53.8490204,-9.7701361,10.28034756,13.48126726,34.39959405
53.8490204,-9.7701361,10.57831406,13.47016351,34.40444837
53.8490204,-9.7701361,10.8762779,13.44685371,34.4113272
53.8490204,-9.7701361,11.17424089,13.43191656,34.39884144
53.8490204,-9.7701361,11.47220363,13.42232249,34.40414826
53.8490204,-9.7701361,11.77016324,13.4094219,34.41781157
53.8490204,-9.7701361,12.06812051,13.40143402,34.41657092
53.8490204,-9.7701361,12.36607565,13.39285628,34.4293019
53.8490204,-9.7701361,12.66402812,13.38652532,34.43353384
53.8490204,-9.7701361,12.96197908,13.37590125,34.4353554
53.8490204,-9.7701361,13.25993162,13.37066516,34.41232014
53.8490204,-9.7701361,13.55788939,13.35658849,34.38071089
53.8490204,-9.7701361,13.85584568,13.30493074,34.4053535
53.8490204,-9.7701361,14.15379047,13.24209537,34.44996801
53.8490204,-9.7701361,14.35144605,13.23503375,34.45621067
53.8691946,-9.6431972,0.149071872,14.37538024,33.95198023
53.8691946,-9.6431972,0.447197181,14.33996148,33.97435746
53.8691946,-9.6431972,0.745322796,14.28990501,33.96615883
53.8691946,-9.6431972,1.043436289,14.18785748,34.03781916
53.8691946,-9.6431972,1.341539749,14.07641513,33.99445153
53.8691946,-9.6431972,1.639647571,14.06394429,33.96235332
53.8691946,-9.6431972,1.937760896,14.0553338,33.93679108
53.8691946,-9.6431972,2.235871868,14.01356857,33.96671911
53.8691946,-9.6431972,2.533976051,13.98155579,33.9743544
53.8691946,-9.6431972,2.832075723,13.94892289,33.98649478
53.8691946,-9.6431972,3.130169718,13.91954198,34.00523452
53.8691946,-9.6431972,3.428258668,13.90170175,34.0157504
53.8691946,-9.6431972,3.726342992,13.8819528,34.03336108
53.8691946,-9.6431972,4.024422674,13.86358804,34.04388653
53.8691946,-9.6431972,4.322499542,13.85066567,34.047047
53.8691946,-9.6431972,4.620574404,13.83945228,34.05231728
53.8691946,-9.6431972,4.918646641,13.83176048,34.06238129
53.8691946,-9.6431972,5.216716661,13.82507764,34.06524836
53.8691946,-9.6431972,5.514785587,13.82157597,34.06642945
53.8691946,-9.6431972,5.812852568,13.819776,34.07818833
53.8691946,-9.6431972,6.110917383,13.82011647,34.08235178
53.8691946,-9.6431972,6.408979205,13.82601324,34.10355413
53.8691946,-9.6431972,6.707038086,13.82935893,34.10804414
53.8691946,-9.6431972,7.005095037,13.82879316,34.11852631
53.8691946,-9.6431972,7.3031499,13.82735915,34.12314477
53.8691946,-9.6431972,7.601203492,13.82227611,34.12513258
53.8691946,-9.6431972,7.899255258,13.81391599,34.13283061
53.8691946,-9.6431972,8.197303234,13.78976793,34.14721993
53.8691946,-9.6431972,8.512189082,13.78735463,34.15654245
53.8824202,-9.6009238,0.149178825,14.98111877,33.16892791
53.8824202,-9.6009238,0.447518732,14.96548198,33.16932982
53.8824202,-9.6009238,0.745863612,14.9606774,33.16626972
53.8824202,-9.6009238,1.044207019,14.95651,33.176991
53.8824202,-9.6009238,1.342542723,14.93771747,33.22553367
53.8824202,-9.6009238,1.640866717,14.89765554,33.26192954
53.8824202,-9.6009238,1.939173315,14.82666221,33.34658414
53.8824202,-9.6009238,2.237455412,14.76259174,33.43965044
53.8824202,-9.6009238,2.535718164,14.73128828,33.48948367
53.8824202,-9.6009238,2.83395815,14.6401167,33.60556677
53.8824202,-9.6009238,3.136195965,14.67184986,33.58827735
53.883866,-9.5548683,0.152345984,8.299216816,4.365466473
53.883866,-9.5548683,0.456177447,8.498925775,11.50653377
53.883866,-9.5548683,0.757685295,8.622910371,24.35760133
53.883866,-9.5548683,1.057244935,8.640083132,28.35690834
53.883866,-9.5548683,1.356305145,8.641906313,28.71197794
53.883866,-9.5548683,1.655304409,8.654656024,28.8892324
53.883866,-9.5548683,1.954273391,8.651697912,28.97549471
53.883866,-9.5548683,2.253227266,8.653811705,29.01815262
53.883866,-9.5548683,2.552175029,8.646023606,29.02486314
53.883866,-9.5548683,2.908620212,8.650530748,29.03542558
53.8838501,-9.5548888,0.152044476,8.344587667,6.909278637
53.8838501,-9.5548888,0.454688972,8.572937996,19.12598674
53.8838501,-9.5548888,0.754995944,8.636471467,27.10163101
53.8838501,-9.5548888,1.054250242,8.634017084,28.27663476
53.8838501,-9.5548888,1.35331309,8.633868652,28.77007722
53.8838501,-9.5548888,1.652291895,8.631054489,29.00762937
53.8838501,-9.5548888,1.951227302,8.634867156,29.1466944
53.8838501,-9.5548888,2.250143664,8.64404973,29.17353869
53.8838501,-9.5548888,2.549055199,8.629577637,29.18492412
53.8838501,-9.5548888,2.986242258,8.638564851,29.18270291
53.8838852,-9.5549579,0.152206921,8.286817134,5.534502719
53.8838852,-9.5549579,0.456150945,8.459417947,9.357375159
53.8838852,-9.5549579,0.757757896,8.645318562,25.68984289
53.8838852,-9.5549579,1.057147243,8.658336366,28.51351606
53.8838852,-9.5549579,1.356168514,8.663595303,28.90217109
53.8838852,-9.5549579,1.655127965,8.665256312,29.05222331
53.8838852,-9.5549579,1.954063825,8.668009035,29.10625861
53.8838852,-9.5549579,2.252990392,8.67418452,29.13211728
53.8838852,-9.5549579,2.551913026,8.670347808,29.13805363
53.8838852,-9.5549579,2.958526124,8.674688081,29.14602237
53.8263568,-9.6201945,0.149210792,9.003970466,31.46962576
53.8263568,-9.6201945,0.447555587,8.993766339,31.96258235
53.8263568,-9.6201945,0.745822719,8.987327853,32.20432272
53.8263568,-9.6201945,1.044054857,8.977579944,32.26375405
53.8263568,-9.6201945,1.342278899,8.973028182,32.26962555
53.8263568,-9.6201945,1.640487449,8.964186262,32.3942078
53.8263568,-9.6201945,1.938675843,8.957526168,32.44064309
53.8263568,-9.6201945,2.236851957,8.949252133,32.49616142
53.8263568,-9.6201945,2.535016236,8.943107559,32.53877078
53.8263568,-9.6201945,2.833168536,8.93399726,32.59541345
53.8263568,-9.6201945,3.131308687,8.927806765,32.63950225
53.8263568,-9.6201945,3.429443143,8.926257822,32.64093736
53.8263568,-9.6201945,3.727576536,8.922445297,32.64477416
53.8263568,-9.6201945,4.006779045,8.921841499,32.64771486
53.8263447,-9.6202047,0.149188069,9.014809564,31.67039914
53.8263447,-9.6202047,0.447513963,9.004025857,31.9351603
53.8263447,-9.6202047,0.745784168,9.000171342,32.21095554
53.8263447,-9.6202047,1.044013077,8.99973922,32.29405287
53.8263447,-9.6202047,1.342229642,8.992470631,32.31487262
53.8263447,-9.6202047,1.640439412,8.980511038,32.34695727
53.8263447,-9.6202047,1.938633763,8.978727493,32.44462402
53.8263447,-9.6202047,2.236808494,8.97420734,32.51510455
53.8263447,-9.6202047,2.534970757,8.966794491,32.54882584
53.8263447,-9.6202047,2.833123837,8.957299607,32.58945309
53.8263447,-9.6202047,3.131269443,8.951700673,32.60850573
53.8263447,-9.6202047,3.429411758,8.951223628,32.61418522
53.8263447,-9.6202047,3.727553292,8.949535459,32.61193071
53.8263447,-9.6202047,4.014181476,8.947534038,32.62200969
53.8973265,-9.7759167,0.149066189,8.968476295,32.72517576
53.8973265,-9.7759167,0.447176512,8.96647428,32.73538883
53.8973265,-9.7759167,0.745289913,8.953131917,32.75239877
53.8973265,-9.7759167,1.043402145,8.954166412,32.74021067
53.8973265,-9.7759167,1.341514781,8.960011324,32.74722606
53.8973265,-9.7759167,1.639624477,8.959967002,32.76419484
53.8973265,-9.7759167,1.937729864,8.965668227,32.78323322
53.8973265,-9.7759167,2.135799861,8.983782252,32.79945885
53.8973576,-9.7759221,0.14907068,8.971026609,32.68803706
53.8973576,-9.7759221,0.447190156,8.969318352,32.68581184
53.8973576,-9.7759221,0.745316634,8.971672712,32.6876132
53.8973576,-9.7759221,1.043441888,8.972997815,32.6942983
53.8973576,-9.7759221,1.341565696,8.974742169,32.69793258
53.8973576,-9.7759221,1.639690725,8.985220169,32.68298806
53.8973576,-9.7759221,1.9378166,8.980290877,32.68860547
53.8973576,-9.7759221,2.119335652,8.979896658,32.70431467
53.8945177,-9.638112,0.150158717,9.525381861,23.27738395
53.8945177,-9.638112,0.450212262,9.378131763,25.34867236
53.8945177,-9.638112,0.74988423,9.27129374,26.62150494
53.8945177,-9.638112,1.049224864,9.14681323,28.19707147
53.8945177,-9.638112,1.348224394,9.060775862,29.56257384
53.8945177,-9.638112,1.646981769,9.015894675,30.28971661
53.8945177,-9.638112,1.945597856,9.016326024,30.78949803
53.8945177,-9.638112,2.244117804,8.997874338,31.12639706
53.8945177,-9.638112,2.542575181,8.955169871,31.32357632
53.8945177,-9.638112,2.732380997,8.966522508,31.31807591
